x0,x1,x2,x3,x4,x5,x6,x7,x8,x9,x10,x11,x12,x13,x14,x15,x16,x17,x18,x19,x20,y0,y1,y2,y3,y4,y5,y6,y7,y8,y9,y10,y11,y12,y13,y14,y15,y16,y17,y18,y19,y20,label,hand
165.12351989746094,211.9890594482422,253.71347427368164,279.94279861450195,283.7567710876465,235.62088012695312,240.9203338623047,228.70153427124023,221.26394271850586,212.01120376586914,217.91601181030273,205.7402801513672,201.73255920410156,188.95244598388672,194.37774658203125,185.17999649047852,182.62388229370117,164.85546112060547,171.12401962280273,167.32473373413086,167.0893096923828,283.0253791809082,278.1704521179199,262.3029327392578,234.70670700073242,207.14282512664795,220.5655860900879,192.6499843597412,215.8317232131958,237.65250205993652,212.5671100616455,182.90093421936035,214.27598476409912,237.54339694976807,207.9506778717041,180.34890174865723,211.82508945465088,234.68951225280762,206.8905258178711,186.34620666503906,208.89265537261963,226.85322761535645,A,Left
165.7533836364746,212.53755569458008,254.0416145324707,280.70898056030273,283.57112884521484,234.0372085571289,238.3022117614746,227.29984283447266,221.11818313598633,210.32087326049805,215.73516845703125,205.29176712036133,201.6553497314453,187.4102783203125,192.41779327392578,184.81966018676758,182.79169082641602,163.84641647338867,169.31419372558594,167.01566696166992,167.46448516845703,276.4053726196289,269.9219512939453,254.44982528686523,226.90685749053955,199.46866035461426,213.05059432983398,184.99867916107178,209.36292171478271,231.00943565368652,206.21240615844727,176.90706253051758,208.42649459838867,230.70087432861328,202.93803691864014,174.6760654449463,206.06642246246338,228.45515727996826,203.2247543334961,182.02305793762207,204.40080642700195,222.3574733734131,A,Left
169.41822052001953,216.11810684204102,257.3332977294922,285.173397064209,288.27056884765625,237.97700881958008,242.67789840698242,231.75987243652344,225.77484130859375,214.20948028564453,219.55610275268555,209.36309814453125,205.86883544921875,191.2987518310547,196.96762084960938,189.2043113708496,186.76240921020508,167.85381317138672,173.90233993530273,170.9817123413086,170.54821014404297,274.20653343200684,268.46611976623535,252.84899711608887,226.7460823059082,200.6024408340454,211.1535930633545,182.61518955230713,206.946759223938,228.72652530670166,204.36424255371094,175.3354024887085,206.72123908996582,228.75007152557373,200.67950248718262,172.08815574645996,203.5786485671997,225.9094762802124,200.47202110290527,179.33687210083008,201.95371627807617,219.98435497283936,A,Left
166.75914764404297,212.71806716918945,253.8547706604004,281.46018981933594,286.061954498291,235.13935089111328,239.9431037902832,228.11594009399414,221.83269500732422,211.4667510986328,217.1959114074707,206.59002304077148,203.16286087036133,188.6234474182129,194.47397232055664,186.5166473388672,184.2068099975586,165.2515983581543,171.56911849975586,168.51512908935547,168.20798873901367,273.1245517730713,267.18114852905273,251.43573760986328,225.3026247024536,198.86850357055664,210.15345096588135,182.2132444381714,205.98904609680176,227.2566032409668,203.13639163970947,174.34714794158936,205.66866874694824,227.7081298828125,199.3879222869873,171.4152717590332,202.9189968109131,225.1350975036621,199.25195217132568,178.61815452575684,201.3301420211792,219.18761730194092,A,Left
165.9558868408203,212.1053695678711,253.28619003295898,280.45801162719727,284.51744079589844,234.48930740356445,238.9382553100586,227.4196434020996,221.20088577270508,210.80490112304688,216.48609161376953,205.9134292602539,202.46517181396484,187.83592224121094,193.72848510742188,185.93782424926758,183.70647430419922,164.21430587768555,170.45927047729492,167.82873153686523,167.7031707763672,274.03541564941406,268.2832431793213,252.64357566833496,226.2751579284668,199.77051258087158,211.43531799316406,183.28508377075195,207.20097541809082,228.5314178466797,204.362154006958,175.62034606933594,207.09583282470703,229.1195583343506,200.7350778579712,172.7946138381958,204.26198959350586,226.4743137359619,200.80731868743896,180.18136024475098,202.61123657226562,220.41574001312256,A,Left
164.92538452148438,211.26312255859375,252.43474960327148,280.2322769165039,284.0474319458008,233.82808685302734,238.4103012084961,226.38677597045898,220.1862335205078,209.99059677124023,215.54010391235352,204.3552017211914,200.76898574829102,186.91268920898438,192.7513313293457,184.11270141601562,181.83124542236328,163.64051818847656,169.4609832763672,165.9856414794922,165.79483032226562,271.5354537963867,265.9433841705322,250.46507835388184,224.20555114746094,197.26129531860352,209.91432666778564,181.8182373046875,205.54843425750732,227.2236442565918,202.8902006149292,174.08615112304688,205.0967502593994,227.31441020965576,199.0088653564453,170.81265449523926,201.8717908859253,224.36824321746826,198.6022424697876,177.864990234375,200.4019546508789,218.60788822174072,A,Left
165.12725830078125,211.09830856323242,252.6302146911621,280.3730583190918,284.4496154785156,234.13259506225586,238.36437225341797,226.5108299255371,220.62236785888672,210.24572372436523,215.7524299621582,204.74586486816406,201.40701293945312,187.14365005493164,192.7444839477539,184.46231842041016,182.3737335205078,163.6948585510254,169.37908172607422,166.24338150024414,166.2044334411621,272.6298236846924,266.86177253723145,250.92063903808594,224.5957088470459,197.5091314315796,210.26611804962158,182.22108364105225,206.11061096191406,227.51392364501953,203.14458847045898,174.43373680114746,205.76165199279785,227.7048397064209,199.39948081970215,171.14496231079102,202.52798080444336,224.8064088821411,199.2604923248291,178.65095615386963,201.1278533935547,218.95684719085693,A,Left
167.1907615661621,213.04821014404297,254.21716690063477,281.5538024902344,285.88178634643555,235.27034759521484,239.6497917175293,228.2706069946289,222.28633880615234,211.41433715820312,216.93986892700195,206.3323211669922,202.89302825927734,188.30524444580078,193.87445449829102,186.11923217773438,183.8986587524414,164.59686279296875,170.66095352172852,168.05837631225586,167.83382415771484,273.72156143188477,267.17737197875977,250.7823944091797,224.4997787475586,197.7130651473999,210.34515380859375,182.5757360458374,206.14816188812256,227.6940107345581,203.3228874206543,174.59833145141602,205.7836675643921,227.88122177124023,199.7878074645996,171.6005516052246,202.95265674591064,225.14525413513184,199.82059478759766,178.9866542816162,201.36202812194824,219.12440299987793,A,Left
167.52622604370117,214.23446655273438,255.40716171264648,282.84826278686523,286.55147552490234,235.88983535766602,240.6903839111328,229.42743301391602,222.97565460205078,211.96243286132812,217.75711059570312,207.3438835144043,203.35155487060547,188.68581771850586,194.82172012329102,187.1079444885254,184.36933517456055,164.89612579345703,171.61027908325195,168.9068603515625,168.20369720458984,272.76068687438965,266.4035224914551,250.04055976867676,223.58377933502197,196.86530113220215,209.05048370361328,181.19839668273926,205.508394241333,227.12077617645264,202.16042518615723,173.87429237365723,205.51799297332764,227.47923374176025,198.79016876220703,170.93095779418945,202.53589153289795,224.63647842407227,199.09943103790283,178.30196857452393,201.17936611175537,218.98870468139648,A,Left
167.43812561035156,213.365478515625,254.18949127197266,281.7060089111328,285.76847076416016,235.01161575317383,240.21589279174805,228.44486236572266,221.95293426513672,211.29884719848633,217.43223190307617,206.6966438293457,203.07989120483398,188.16238403320312,194.2852020263672,186.51111602783203,184.27898406982422,164.51147079467773,170.81666946411133,168.14294815063477,167.9043960571289,273.4512233734131,267.2527885437012,250.8153247833252,224.59203243255615,197.6964569091797,210.06451606750488,182.51572608947754,205.99079132080078,227.51280784606934,203.2245111465454,174.62642669677734,205.78465461730957,228.19719314575195,199.7867774963379,171.80766105651855,203.02764415740967,225.40746688842773,199.95477676391602,179.25437450408936,201.5105152130127,219.3053913116455,A,Left
189.17490005493164,226.09411239624023,250.26906967163086,222.06768035888672,191.6442108154297,235.94934463500977,240.63472747802734,240.58338165283203,239.09910202026367,209.2826271057129,213.19013595581055,214.53920364379883,214.63228225708008,185.9444808959961,185.3546905517578,187.00782775878906,186.9489860534668,162.42055892944336,159.6814250946045,159.18201446533203,158.23822021484375,304.55872535705566,286.47348403930664,253.5080337524414,231.75055503845215,226.29571437835693,189.29022789001465,146.84776782989502,119.5941710472107,94.97159957885742,181.78137302398682,133.9819049835205,102.11809158325195,74.38845634460449,185.64305305480957,142.53313064575195,115.30682802200317,91.80970430374146,198.25534343719482,164.2329454421997,141.79397106170654,120.4152774810791,B,Left
189.1411018371582,226.26474380493164,250.21442413330078,221.40331268310547,190.72547912597656,236.10797882080078,241.03574752807617,241.20721817016602,239.8343276977539,209.3796157836914,213.35941314697266,214.78729248046875,214.9306869506836,185.9530258178711,185.6330680847168,187.3377799987793,187.30710983276367,162.37106323242188,159.84728813171387,159.5675563812256,158.78701210021973,305.48194885253906,286.99962615966797,253.45450401306152,231.9265365600586,226.5336513519287,189.1227149963379,146.48250102996826,119.03930425643921,94.20450210571289,181.67695999145508,133.5504913330078,101.3969349861145,73.29606056213379,185.61960697174072,141.80068016052246,113.7970232963562,89.48410034179688,198.42144012451172,164.1662836074829,141.3951301574707,119.59472179412842,B,Left
189.15555953979492,225.61063766479492,249.31001663208008,221.12651824951172,190.69576263427734,235.42816162109375,240.00808715820312,239.88065719604492,238.3828353881836,208.64608764648438,211.97576522827148,212.72588729858398,212.3340606689453,185.3407096862793,184.38941955566406,185.41500091552734,184.90161895751953,162.05039978027344,159.00285720825195,158.47625732421875,157.58228302001953,304.0379333496094,284.8476505279541,251.49415969848633,229.7256374359131,223.90108108520508,188.54496002197266,145.71576118469238,118.18764925003052,93.25586557388306,181.0847568511963,133.03449153900146,100.77278137207031,72.67644882202148,184.99852180480957,141.42911911010742,113.78434181213379,90.07030248641968,197.70126342773438,163.85005474090576,141.2065315246582,119.77748394012451,B,Left
189.48965072631836,226.12709045410156,250.0240707397461,221.54542922973633,190.9355926513672,235.15092849731445,239.63502883911133,239.71202850341797,238.50244522094727,208.466796875,211.4169692993164,212.14462280273438,211.75283432006836,185.2288055419922,183.90470504760742,184.9032211303711,184.31962966918945,161.95234298706055,158.8529872894287,158.15360069274902,156.9572925567627,304.56393241882324,285.2970027923584,251.86400413513184,230.0678586959839,224.23706531524658,188.9062786102295,145.99651336669922,118.52330446243286,93.52445840835571,181.451096534729,133.29023838043213,100.71327209472656,72.2885513305664,185.37952423095703,141.5899658203125,113.74296426773071,89.65089082717896,198.18273067474365,164.12707328796387,141.35730743408203,119.81067895889282,B,Left
188.80809783935547,225.37151336669922,249.14499282836914,221.58750534057617,191.17015838623047,235.21507263183594,239.8259162902832,239.84453201293945,238.57412338256836,208.4406852722168,211.54468536376953,212.16575622558594,211.7167854309082,185.0929832458496,184.06538009643555,185.0338363647461,184.62810516357422,161.77515029907227,159.0715789794922,158.8857650756836,158.47237586975098,303.6123847961426,284.309606552124,251.14811897277832,229.2906904220581,223.42206001281738,188.1403684616089,145.32596111297607,117.76298761367798,92.69379615783691,180.72865962982178,132.6149082183838,100.08970499038696,71.82180404663086,184.60095405578613,140.64969062805176,112.86163330078125,88.99801969528198,197.2232437133789,163.07822227478027,140.38716316223145,118.90594482421875,B,Left
189.09221649169922,225.86322784423828,250.0672721862793,221.93490982055664,191.28326416015625,235.92889785766602,240.82843780517578,241.1050796508789,239.9705696105957,209.15590286254883,212.22599029541016,212.65106201171875,211.75729751586914,186.06201171875,185.1034164428711,185.90534210205078,184.90650177001953,162.9738426208496,160.50697326660156,160.54643630981445,160.02662658691406,303.902006149292,284.86581802368164,251.17135047912598,228.8528537750244,222.46424674987793,187.9324722290039,144.79408264160156,117.28467464447021,92.31998920440674,180.3671407699585,132.31135368347168,99.97783184051514,71.9732666015625,184.12696838378906,140.2992296218872,112.77109622955322,89.21823263168335,196.73359394073486,162.46098518371582,139.82213973999023,118.53447675704956,B,Left
189.02511596679688,225.7215118408203,249.18340682983398,220.8868408203125,190.59040069580078,235.13154983520508,239.73114013671875,239.88775253295898,238.70689392089844,208.4501075744629,211.04734420776367,211.39951705932617,210.7284927368164,185.47893524169922,183.9862060546875,184.76896286010742,184.06801223754883,162.6183319091797,159.63674545288086,159.44976806640625,158.8864517211914,302.52442359924316,283.5421943664551,250.01678466796875,228.08857440948486,221.46410465240479,187.4120807647705,144.27147388458252,116.65942668914795,91.6891622543335,180.112566947937,131.81084632873535,99.18820381164551,70.99599838256836,183.838791847229,139.91535186767578,112.0262861251831,88.33031415939331,196.18234634399414,162.02784061431885,139.42591667175293,118.25396776199341,B,Left
189.37725067138672,226.13887786865234,249.913330078125,221.6716766357422,191.23340606689453,235.2798843383789,240.37372589111328,240.9396743774414,240.01697540283203,208.60368728637695,211.38790130615234,211.99556350708008,211.38250350952148,185.63339233398438,184.19794082641602,185.23664474487305,184.6769142150879,162.77420043945312,159.9730682373047,160.02662658691406,159.67208862304688,303.26202392578125,284.4294548034668,250.8966064453125,229.0134859085083,222.90191173553467,187.78603076934814,144.7108268737793,116.83304071426392,91.50041341781616,180.5098056793213,132.13265419006348,99.30529117584229,70.83482265472412,184.4280481338501,140.3096580505371,112.44675636291504,88.55286598205566,197.0434284210205,162.69782066345215,139.95692253112793,118.50983619689941,B,Left
189.65938568115234,226.24048233032227,250.06988525390625,221.9157600402832,191.47226333618164,235.38166046142578,240.5542755126953,240.96057891845703,239.72108840942383,208.4899139404297,211.69031143188477,212.21563339233398,211.28271102905273,185.26865005493164,184.14072036743164,184.89953994750977,183.81521224975586,162.1139144897461,159.40479278564453,159.1085433959961,158.232421875,302.6864719390869,283.7483024597168,250.33947944641113,228.49077701568604,222.47616291046143,187.1419858932495,144.12425994873047,116.49473905563354,91.41147136688232,179.66760635375977,131.44680976867676,99.04169082641602,71.01089000701904,183.55633735656738,139.77773666381836,112.27124691009521,88.65393877029419,196.4201545715332,161.98255062103271,139.35121536254883,118.01552295684814,B,Left
188.5641860961914,225.1140594482422,249.14684295654297,221.05857849121094,190.35446166992188,234.48896408081055,239.6101188659668,239.97182846069336,238.86539459228516,207.67881393432617,210.76061248779297,211.37319564819336,210.68883895874023,184.4922637939453,183.37020874023438,184.31072235107422,183.5354995727539,161.5142822265625,159.043550491333,158.86774063110352,158.15401077270508,303.4284210205078,284.7476291656494,250.70448875427246,228.56417655944824,223.25294494628906,187.06568241119385,144.36384201049805,116.5716004371643,91.39792442321777,179.52951908111572,131.68207168579102,99.16424989700317,70.98242282867432,183.5145092010498,139.9422025680542,112.29860544204712,88.43450546264648,196.46777629852295,162.48167037963867,140.03314018249512,118.80913496017456,B,Left
185.06301879882812,211.55170440673828,230.27755737304688,238.68711471557617,246.19598388671875,237.72151947021484,239.80985641479492,238.2436752319336,232.78627395629883,214.50689315795898,218.96245956420898,216.09594345092773,211.10557556152344,190.7782745361328,195.87709426879883,194.80876922607422,189.9936294555664,167.19820022583008,171.24542236328125,172.4512481689453,172.93994903564453,317.2609806060791,314.02092933654785,302.67022132873535,290.72253227233887,272.55615234375,226.86683177947998,198.81553173065186,181.98845386505127,170.0604486465454,217.75573253631592,185.0559425354004,173.08856964111328,167.4770450592041,217.1107006072998,186.57734870910645,170.55333137512207,168.67512702941895,224.144868850708,196.3437795639038,178.43685150146484,168.91525268554688,C,Left
184.89013671875,211.58428192138672,230.75075149536133,239.43588256835938,246.6849136352539,237.47112274169922,240.12048721313477,238.35773468017578,232.92522430419922,214.47345733642578,219.02795791625977,216.14450454711914,211.24147415161133,190.77411651611328,195.7990264892578,194.56714630126953,189.92586135864258,167.14693069458008,171.11181259155273,172.1245574951172,172.57986068725586,317.71056175231934,313.6754035949707,302.08056449890137,289.8679733276367,271.87113761901855,226.44171237945557,198.44311237335205,181.76854133605957,169.2595624923706,217.30200290679932,185.0299072265625,172.86632537841797,166.49737358093262,216.6013240814209,186.24093532562256,170.34657955169678,167.3490285873413,223.82919788360596,196.0727834701538,178.31560134887695,168.25246810913086,C,Left
184.9272346496582,212.77008056640625,232.52264022827148,241.02638244628906,247.83649444580078,238.6474609375,241.16121292114258,239.54980850219727,234.62779998779297,215.5703353881836,219.7428321838379,217.36305236816406,213.6612319946289,191.61828994750977,196.63000106811523,195.7954216003418,192.04801559448242,167.54629135131836,171.67510986328125,173.08748245239258,174.25796508789062,314.1052436828613,309.8550796508789,298.6429023742676,286.37721061706543,268.3563995361328,224.037823677063,195.9792423248291,179.42676544189453,166.39221668243408,214.87329483032227,182.78497695922852,170.52660942077637,163.18965911865234,213.90775680541992,183.75835418701172,167.6986312866211,164.0513277053833,220.62844276428223,193.08998107910156,175.53062438964844,165.3046989440918,C,Left
184.0715217590332,211.78068161010742,231.44336700439453,239.59163665771484,245.8879280090332,237.14170455932617,239.3222427368164,237.81593322753906,232.71862030029297,213.96577835083008,218.22946548461914,215.81565856933594,211.40249252319336,189.99242782592773,194.92881774902344,193.9640998840332,189.69858169555664,166.19121551513672,169.90028381347656,171.0735321044922,171.67631149291992,311.6025924682617,307.51187324523926,295.6614303588867,282.74216651916504,264.0860366821289,220.75482845306396,192.25675106048584,175.13188362121582,162.70185470581055,211.6380500793457,179.01258945465088,166.5662384033203,160.3630256652832,210.99167346954346,180.33329486846924,164.0357208251953,161.18908882141113,218.23206424713135,190.24503707885742,172.33141422271729,162.18761444091797,C,Left
184.6859359741211,212.69607543945312,232.44945526123047,240.49503326416016,246.69628143310547,237.53887176513672,239.72110748291016,238.0314826965332,232.9853057861328,214.46062088012695,218.41970443725586,215.6200408935547,211.1553955078125,190.66635131835938,195.330810546875,194.20021057128906,190.01501083374023,166.79887771606445,170.60129165649414,171.79044723510742,172.4358367919922,311.7297649383545,307.324161529541,295.8044242858887,282.6859188079834,264.2366695404053,220.65622329711914,192.1915054321289,175.29687881469727,163.00726890563965,211.7846918106079,179.31255340576172,166.8497371673584,160.69035530090332,211.33509635925293,180.7939052581787,164.60186004638672,161.49011135101318,218.74597549438477,190.87660789489746,173.0031967163086,162.74880409240723,C,Left
185.38516998291016,213.12225341796875,232.7403450012207,240.83446502685547,246.34897232055664,238.3971405029297,240.6490135192871,239.0900421142578,234.08361434936523,215.42598724365234,219.60899353027344,217.26022720336914,213.2463264465332,191.67875289916992,196.51447296142578,195.6313705444336,191.70965194702148,167.7315902709961,171.62513732910156,172.92591094970703,173.78036499023438,311.72401428222656,306.79161071777344,294.6125793457031,281.2033939361572,262.567834854126,219.7588062286377,191.09670639038086,174.08102989196777,161.90621852874756,210.68944931030273,177.94615745544434,165.20819664001465,158.97339820861816,210.04117012023926,179.22941207885742,162.95866012573242,159.82177734375,217.3689079284668,189.16418552398682,171.37378692626953,161.34218215942383,C,Left
561.0206604003906,511.9081115722656,468.7153625488281,432.24945068359375,399.9779510498047,478.76686096191406,463.16566467285156,443.25111389160156,423.67149353027344,494.82521057128906,477.5429153442383,449.96543884277344,425.0591278076172,512.7442932128906,495.5426788330078,463.5499954223633,435.93318939208984,528.8353729248047,506.37451171875,479.8980712890625,456.03885650634766,329.00811195373535,320.8916473388672,299.5924472808838,296.01027488708496,296.7651844024658,227.942476272583,190.98320960998535,180.02168655395508,179.40917015075684,221.92113876342773,175.76093673706055,168.5965633392334,177.73435592651367,221.98614120483398,175.01317977905273,168.83379936218262,176.83204650878906,228.5299587249756,196.10750198364258,185.285325050354,183.37148666381836,C,Right
450.63724517822266,400.3463363647461,360.5087661743164,327.41146087646484,297.1204948425293,390.37220001220703,370.63697814941406,344.89124298095703,320.87379455566406,400.07015228271484,377.315673828125,342.3097610473633,312.0257568359375,408.4253692626953,383.73199462890625,346.6244125366211,315.6785583496094,410.85365295410156,385.4886245727539,355.87085723876953,328.3045196533203,323.6151695251465,315.88168144226074,288.8756561279297,279.4567680358887,271.0627269744873,216.19015216827393,180.1808738708496,164.48551654815674,158.87392044067383,209.1020679473877,161.3822078704834,148.40874195098877,151.52146339416504,208.62256050109863,160.31978130340576,148.98184776306152,152.58845329284668,213.77798080444336,178.1538963317871,165.36077499389648,162.23660945892334,C,Right
441.3632583618164,388.7055206298828,348.2345962524414,314.7296333312988,284.69852447509766,375.4911804199219,352.3052978515625,324.65648651123047,299.05845642089844,386.0470199584961,357.5802993774414,320.6138229370117,289.58473205566406,396.11019134521484,366.4353561401367,328.17413330078125,296.40506744384766,400.7671356201172,370.32798767089844,339.3018341064453,311.54441833496094,327.56564140319824,318.42830657958984,292.13833808898926,283.9358711242676,275.61378479003906,219.46314811706543,184.3119764328003,170.83162307739258,166.54529571533203,212.36645221710205,166.35851383209229,156.38624668121338,161.16230964660645,212.38798141479492,164.95502471923828,156.16470336914062,160.64732551574707,218.44602584838867,181.8260622024536,169.84673023223877,167.37446308135986,C,Right
552.3171234130859,504.7334671020508,465.94146728515625,430.6715774536133,398.08502197265625,485.7472229003906,465.1048278808594,441.1520767211914,418.5626983642578,496.50203704833984,473.0105972290039,441.69185638427734,413.18870544433594,507.5144958496094,483.4883499145508,449.4577407836914,419.80812072753906,514.9348449707031,488.7665557861328,461.30226135253906,436.01390838623047,322.0715045928955,312.0070266723633,288.21988105773926,281.5107250213623,279.14963722229004,220.71290016174316,187.91725158691406,175.92198371887207,171.5734577178955,215.18052577972412,172.34391689300537,164.2009735107422,169.61289882659912,215.35008430480957,170.79850673675537,162.61507987976074,167.30867385864258,221.40792846679688,189.82990264892578,178.4003448486328,175.20575523376465,C,Right
149.50342178344727,192.89791107177734,232.31807708740234,262.18454360961914,280.38318634033203,217.59490966796875,219.3283462524414,207.31971740722656,203.11798095703125,192.98173904418945,194.52272415161133,184.61936950683594,184.89852905273438,169.8044204711914,171.5716552734375,165.29081344604492,166.20851516723633,147.14069366455078,149.55318450927734,147.56235122680664,148.573637008667,220.81546783447266,215.9558916091919,196.44840717315674,175.70573329925537,159.29466247558594,151.02510452270508,124.10840034484863,151.93485260009766,170.2289342880249,143.1145191192627,118.0885648727417,153.27509880065918,169.29903030395508,139.25963401794434,114.12383079528809,147.3004674911499,164.15173530578613,138.75177383422852,118.00389289855957,142.27954387664795,158.26518058776855,A,Left
145.56734085083008,188.51905822753906,227.7668571472168,256.46453857421875,274.19872283935547,212.14885711669922,213.15385818481445,201.2493133544922,197.3288345336914,187.55792617797852,188.36488723754883,178.5041046142578,178.9086151123047,164.80606079101562,165.83799362182617,159.4627571105957,160.68571090698242,142.75484085083008,144.22673225402832,142.1814727783203,143.95946502685547,221.64204597473145,216.84937477111816,196.65202617645264,175.41297912597656,159.23367977142334,152.2042179107666,125.2708625793457,152.4968719482422,171.08665466308594,144.8908281326294,119.44841623306274,153.87956142425537,170.7795810699463,141.2482738494873,115.4481840133667,148.0039644241333,165.54967403411865,140.72765350341797,120.48039436340332,143.84416580200195,159.52835083007812,A,Left
143.36121559143066,186.5175437927246,226.0787010192871,253.39385986328125,269.59314346313477,209.4241714477539,210.25697708129883,198.66403579711914,194.60954666137695,184.6525764465332,185.63226699829102,176.0647964477539,176.0585594177246,161.84450149536133,162.93437957763672,156.8130111694336,157.73984909057617,139.54557418823242,141.20849609375,139.37566757202148,141.11403465270996,223.8825559616089,219.44862842559814,199.1594696044922,177.03919887542725,160.1213550567627,154.85615730285645,128.0753231048584,155.46873092651367,174.13121223449707,147.85144329071045,122.5554084777832,157.10699558258057,174.0520191192627,144.43426609039307,118.52111577987671,151.48223876953125,169.09832954406738,144.08695220947266,124.13432121276855,147.97372341156006,163.65923881530762,A,Left
141.7618179321289,184.46786880493164,222.64511108398438,250.56428909301758,266.46411895751953,207.50049591064453,208.4162139892578,196.45381927490234,192.50980377197266,183.31396102905273,184.0766143798828,174.2978858947754,174.72057342529297,160.51939010620117,161.3803482055664,155.33239364624023,156.57443046569824,138.0716609954834,139.90117073059082,137.79354095458984,139.2194938659668,224.82327461242676,219.3030023574829,199.26607131958008,177.83552169799805,160.74771881103516,156.12979888916016,128.9459753036499,155.89350700378418,173.9827537536621,148.7801742553711,123.1955623626709,157.3799228668213,173.96550178527832,145.53537368774414,120.55558204650879,152.9531764984131,170.0158166885376,145.81791400909424,125.11088848114014,148.7823486328125,164.6342897415161,A,Left
145.6537628173828,188.51985931396484,227.20439910888672,255.2518081665039,270.92227935791016,211.16697311401367,213.1233787536621,201.2628173828125,196.80282592773438,186.99100494384766,188.43889236450195,178.6326789855957,178.57439041137695,164.20915603637695,165.406494140625,159.4255828857422,160.33180236816406,141.67890548706055,143.456392288208,142.04034805297852,143.8132381439209,222.2256088256836,216.58671855926514,196.74157619476318,174.87685203552246,157.25073337554932,151.9286012649536,124.91157531738281,152.17449188232422,170.87481021881104,144.74215507507324,119.47261333465576,154.03761863708496,171.07881546020508,141.35179996490479,115.88986873626709,148.70829105377197,166.50405406951904,141.28252029418945,120.78098773956299,144.40263748168945,160.46756744384766,A,Left
142.28574752807617,185.3874969482422,223.98794174194336,251.36707305908203,266.36173248291016,207.51794815063477,208.96224975585938,197.4094581604004,193.28933715820312,183.23486328125,184.26061630249023,174.83795166015625,175.00585556030273,160.3859519958496,161.54054641723633,155.68510055541992,156.70570373535156,137.7979278564453,139.46195602416992,137.7966022491455,139.47507858276367,227.5138235092163,221.81716918945312,201.39312744140625,178.99229049682617,160.9416389465332,157.72516250610352,130.6748914718628,157.94923782348633,175.6159543991089,150.43825149536133,125.11692523956299,159.62525367736816,175.60498237609863,146.96638584136963,121.65275573730469,154.69297885894775,171.7855167388916,146.78037643432617,126.47363662719727,150.69047927856445,166.52584075927734,A,Left
145.86275100708008,188.1389617919922,226.58849716186523,254.2287254333496,270.1757049560547,211.9285011291504,212.0896339416504,199.89246368408203,196.59490585327148,187.95698165893555,187.76851654052734,177.7939224243164,179.02015686035156,165.74796676635742,165.76601028442383,159.26734924316406,161.21221542358398,144.07209396362305,144.61085319519043,142.36383438110352,144.63513374328613,223.8685655593872,218.3334445953369,198.3398151397705,176.7976999282837,159.5795774459839,156.37195587158203,128.9161491394043,155.46462535858154,173.04611206054688,148.98294925689697,123.47269535064697,157.0580291748047,173.01910400390625,145.25686740875244,120.19751071929932,151.89893245697021,168.71429443359375,144.69374656677246,124.71941471099854,147.81063079833984,163.25586318969727,A,Left
149.19676780700684,191.21591567993164,229.73190307617188,257.0475769042969,273.1055450439453,214.75177764892578,214.6666717529297,202.73300170898438,199.4916534423828,190.98299026489258,190.44118881225586,180.46245574951172,181.47161483764648,168.96194458007812,168.35681915283203,161.8490219116211,163.81610870361328,147.4549102783203,147.49174118041992,145.26865005493164,147.66379356384277,220.94375610351562,216.14376068115234,195.59520721435547,173.7870740890503,156.5183687210083,153.9218044281006,126.74540519714355,152.87209510803223,170.85029125213623,146.68630599975586,121.41564846038818,154.53343391418457,170.9777069091797,143.019061088562,118.19169759750366,149.54684257507324,166.4955711364746,142.57733345031738,122.8945541381836,145.890212059021,161.36329650878906,A,Left
147.5011444091797,189.72074508666992,227.74219512939453,255.04621505737305,271.63867950439453,212.84076690673828,213.67555618286133,201.52315139770508,197.58987426757812,188.8795280456543,188.9320945739746,179.08306121826172,179.9449920654297,166.6971206665039,167.10382461547852,160.62746047973633,162.17727661132812,145.06869316101074,145.8465576171875,143.64931106567383,145.7561492919922,220.81809997558594,215.76574802398682,195.02758026123047,173.1214714050293,156.27968788146973,152.7786111831665,125.50656795501709,151.9911003112793,170.07235050201416,145.68810939788818,120.65996646881104,154.19225692749023,170.45734405517578,142.16647624969482,116.98110580444336,148.8061809539795,165.93754291534424,141.71849727630615,121.86228275299072,144.72477436065674,159.98777389526367,A,Left
149.17356491088867,191.5970802307129,229.74451065063477,256.87177658081055,272.2018051147461,214.28955078125,215.3588104248047,203.46952438354492,199.56775665283203,190.48269271850586,190.98342895507812,181.16199493408203,181.59425735473633,168.2128143310547,168.72821807861328,162.4669075012207,163.72381210327148,146.27004623413086,147.22936630249023,145.21587371826172,147.02804565429688,220.66140174865723,215.70805549621582,194.6664047241211,172.65934467315674,155.51968574523926,152.68628597259521,126.0732364654541,152.73971557617188,170.1258087158203,145.29961109161377,120.31411170959473,153.9883518218994,169.93716716766357,141.74770832061768,116.7675518989563,148.79725456237793,165.5801296234131,141.55068397521973,121.29678726196289,144.60984706878662,160.03562450408936,A,Left
252.41193771362305,290.0328254699707,321.5244674682617,309.51053619384766,284.36986923217773,304.70855712890625,307.76824951171875,307.28904724121094,306.9480895996094,282.8362464904785,287.0572853088379,288.42756271362305,289.97331619262695,262.9122734069824,266.8964385986328,270.0920867919922,272.6591110229492,241.3685417175293,245.70985794067383,250.37282943725586,255.21099090576172,275.236873626709,266.3885021209717,241.1199188232422,214.38767910003662,203.49254608154297,175.494704246521,136.30363941192627,111.90476417541504,89.1791582107544,167.27874755859375,121.9900131225586,91.4857292175293,64.39895153045654,168.95894050598145,127.30267524719238,100.50126314163208,76.28210306167603,178.35597038269043,144.94186878204346,124.3236780166626,104.05896663665771,A,Left
246.6564178466797,283.8889503479004,315.3108024597168,303.1697463989258,278.01618576049805,300.57477951049805,304.32647705078125,304.554386138916,304.85158920288086,278.8336181640625,283.9871406555176,286.1733055114746,288.3953285217285,258.7424087524414,263.88221740722656,267.790470123291,270.9496307373047,236.92886352539062,242.06018447875977,247.08192825317383,252.11557388305664,276.98644638061523,267.513484954834,242.24616050720215,215.66498279571533,205.05477905273438,176.43889904022217,137.1617031097412,112.59114503860474,89.73712921142578,168.20571899414062,122.83998012542725,92.41486072540283,65.49078941345215,169.9625015258789,128.13443183898926,101.08702898025513,76.68313264846802,179.54668521881104,146.0672950744629,125.24471282958984,104.80520009994507,A,Left
244.44053649902344,281.6438865661621,311.84911727905273,298.53599548339844,273.2273292541504,298.15221786499023,301.77282333374023,301.8040466308594,301.8405532836914,276.28679275512695,281.25316619873047,283.29673767089844,285.4934501647949,256.1998748779297,260.92247009277344,264.83665466308594,268.0381965637207,234.6749496459961,239.50223922729492,244.4717788696289,249.53807830810547,274.7906970977783,265.0502872467041,238.79909992218018,212.39547729492188,203.31328868865967,174.87449169158936,135.88359832763672,111.50292634963989,88.72847557067871,166.52318000793457,121.55312061309814,91.31750822067261,64.3452501296997,168.17695140838623,126.64828777313232,99.92330074310303,75.6643795967102,177.59482383728027,144.2856502532959,123.70546817779541,103.44820976257324,A,Left
240.7124137878418,278.88153076171875,309.3890380859375,295.4697608947754,269.4387435913086,296.53194427490234,301.05953216552734,301.26033782958984,301.1629104614258,274.77941513061523,280.68443298339844,283.0668640136719,285.2998924255371,254.6065902709961,260.2883720397949,264.5062255859375,267.6278877258301,232.76166915893555,238.28973770141602,243.78656387329102,249.26767349243164,272.70544052124023,263.36817741394043,236.72335624694824,209.51587200164795,201.31442070007324,173.7044906616211,134.97201919555664,110.49192667007446,87.52686023712158,164.78802680969238,120.11635780334473,89.88588094711304,62.751102447509766,166.00886821746826,124.68943119049072,98.1359052658081,74.04489040374756,174.91350173950195,141.70546531677246,121.28152370452881,101.25954866409302,A,Left
240.72858810424805,278.2759094238281,308.4839057922363,294.959774017334,269.1631507873535,295.5547523498535,299.59766387939453,299.60277557373047,299.3986129760742,273.7666320800781,279.2773246765137,281.51084899902344,283.72692108154297,253.6536979675293,258.8562202453613,262.8003120422363,265.8246612548828,232.0014762878418,237.08553314208984,242.22047805786133,247.41613388061523,273.80001068115234,264.16065216064453,237.19652652740479,210.2151346206665,202.0161008834839,174.09914016723633,135.28010845184326,110.9003233909607,88.08906555175781,165.37267684936523,120.75489521026611,90.49005031585693,63.312950134277344,166.78668022155762,125.55201530456543,99.00027751922607,74.96787071228027,175.9188938140869,142.7391242980957,122.20873832702637,102.07252979278564,A,Left
193.29965591430664,231.49633407592773,258.367919921875,243.6002540588379,216.66147232055664,232.55943298339844,231.97124481201172,230.40830612182617,229.0651512145996,209.5709228515625,210.67745208740234,211.35616302490234,212.64049530029297,189.61267471313477,189.97655868530273,191.78438186645508,193.2831573486328,169.6031379699707,171.0109519958496,173.30316543579102,175.57106018066406,314.10884857177734,299.8300838470459,266.73070907592773,242.5052833557129,241.72943115234375,206.88543319702148,168.36353302001953,143.65545272827148,120.99400520324707,201.5859603881836,157.68702507019043,128.01352500915527,102.24133014678955,205.56734561920166,164.11166667938232,137.44912147521973,114.01808023452759,217.218918800354,183.5811710357666,162.4321460723877,141.99122428894043,B,Left
202.3479461669922,241.1127471923828,269.6878433227539,257.1999740600586,229.52802658081055,243.70590209960938,244.02517318725586,243.17228317260742,242.49629974365234,221.0546112060547,223.3286476135254,224.7965431213379,226.38277053833008,201.24752044677734,201.9619369506836,204.1074562072754,205.7032012939453,181.1638641357422,183.03058624267578,186.01106643676758,189.156494140625,315.88379859924316,302.5209617614746,269.3068313598633,243.99438858032227,245.37611961364746,208.24002742767334,169.6134853363037,144.91393089294434,121.73043251037598,202.58617401123047,158.40464115142822,127.94657707214355,100.95203876495361,206.3632106781006,164.77801322937012,137.88920402526855,114.20165777206421,217.65850067138672,183.70250701904297,162.6084852218628,142.14267253875732,B,Left
196.20840072631836,235.49694061279297,265.66253662109375,255.87247848510742,228.1782341003418,239.39273834228516,240.1012420654297,238.86474609375,238.077392578125,216.8199920654297,219.03898239135742,220.65454483032227,222.55821228027344,196.91974639892578,198.01502227783203,200.40836334228516,202.4285888671875,176.4786720275879,178.29559326171875,181.4300537109375,184.8487091064453,319.467716217041,307.05156326293945,274.08482551574707,247.35992431640625,248.68789672851562,211.3134241104126,172.92097091674805,148.22891235351562,125.050950050354,205.67055702209473,161.45610809326172,131.70796394348145,105.37143230438232,209.86461639404297,167.9647922515869,140.8313226699829,116.88521146774292,221.64620876312256,188.1038761138916,167.0425271987915,146.59761428833008,B,Left
196.70413970947266,236.1418914794922,267.0504379272461,259.078426361084,232.43036270141602,241.21288299560547,242.71909713745117,242.61390686035156,242.98772811889648,219.15218353271484,222.65113830566406,225.16765594482422,227.9184913635254,199.39411163330078,201.32747650146484,204.19723510742188,206.81594848632812,178.9236831665039,181.13628387451172,184.75906372070312,188.68375778198242,319.48033332824707,307.4327087402344,276.339168548584,249.53968048095703,249.36284065246582,212.12345123291016,173.69596481323242,149.0943145751953,125.6623363494873,205.77598571777344,161.27351760864258,130.8603572845459,103.36997509002686,209.3531370162964,167.195463180542,140.08365154266357,115.99592685699463,220.87082862854004,186.92147254943848,165.59017181396484,144.86117362976074,B,Left
196.30067825317383,235.92809677124023,267.3084259033203,259.0638732910156,231.7092514038086,241.77701950073242,243.5204315185547,243.27571868896484,243.42681884765625,219.4106101989746,223.1801986694336,225.8513641357422,228.69850158691406,199.45995330810547,201.68912887573242,204.76465225219727,207.4931526184082,179.04712677001953,181.83053970336914,185.4921531677246,189.31879043579102,319.44162368774414,307.3744010925293,275.8292770385742,248.93099784851074,249.36944961547852,211.616792678833,172.48651027679443,147.1996021270752,123.57303142547607,205.0608730316162,160.29041290283203,129.82458114624023,102.90876388549805,208.49836349487305,166.17327690124512,139.1411018371582,115.47208786010742,219.8236083984375,185.91586589813232,164.6989631652832,144.29314613342285,B,Left
192.94147491455078,232.3457908630371,263.9809799194336,256.9279670715332,230.30065536499023,238.30514907836914,239.5014762878418,239.09870147705078,239.19784545898438,215.77251434326172,219.1242218017578,221.65706634521484,224.60386276245117,195.66028594970703,197.67810821533203,200.4804229736328,203.11826705932617,175.13824462890625,177.65151977539062,180.98852157592773,184.5754623413086,320.6388187408447,309.0743064880371,278.0600166320801,251.05610847473145,250.34963607788086,212.69843101501465,173.44234943389893,148.02008628845215,124.20102596282959,206.13773345947266,161.11021041870117,130.46327590942383,103.25623512268066,209.67495918273926,167.18055725097656,139.8863124847412,115.82017421722412,221.21708393096924,187.19633102416992,165.83301544189453,145.18424034118652,B,Left
191.29966735839844,230.40000915527344,261.4651870727539,253.61740112304688,227.04164505004883,235.13364791870117,236.50712966918945,236.1172866821289,236.27395629882812,212.70689010620117,215.7364845275879,218.0609893798828,220.72233200073242,192.83573150634766,194.7402000427246,197.3320770263672,199.64248657226562,172.56420135498047,174.7467041015625,177.89300918579102,181.12457275390625,318.4343147277832,305.2793025970459,273.9642333984375,247.07133293151855,246.2643814086914,209.64049816131592,170.64940452575684,145.8065700531006,122.3660659790039,203.35810661315918,158.51597785949707,128.48775386810303,101.61867141723633,207.0898675918579,164.7557544708252,137.87442684173584,113.97794008255005,218.86271953582764,184.89213466644287,163.53644371032715,142.74893760681152,B,Left
190.0479507446289,229.5644187927246,260.49144744873047,252.45262145996094,225.64512252807617,234.21220779418945,235.7200813293457,235.4814338684082,235.70655822753906,211.90109252929688,215.12887954711914,217.39871978759766,220.01644134521484,192.0077896118164,194.06368255615234,196.8239974975586,199.2453956604004,171.68289184570312,174.05452728271484,177.30646133422852,180.67216873168945,318.39454650878906,305.59438705444336,273.99115562438965,247.0030975341797,246.2582302093506,209.73875999450684,170.95191478729248,146.19194984436035,122.62704849243164,203.60557079315186,159.16195392608643,128.78302574157715,101.29528999328613,207.29015350341797,165.2193546295166,138.08871746063232,113.90739440917969,218.74870777130127,184.75796699523926,163.30753326416016,142.42594242095947,B,Left
190.19601821899414,230.126953125,261.53493881225586,253.22650909423828,226.15350723266602,235.19330978393555,236.6916847229004,236.45057678222656,236.71316146850586,212.7381706237793,216.03139877319336,218.58436584472656,221.39921188354492,192.7980613708496,194.75910186767578,197.77769088745117,200.31490325927734,172.36801147460938,174.7042465209961,177.95501708984375,181.0990333557129,318.9708995819092,307.31706619262695,275.2136993408203,247.55032539367676,248.3071804046631,210.21583557128906,171.1551332473755,146.10558986663818,122.6643705368042,203.93292903900146,158.9992332458496,128.62539768218994,101.57421112060547,207.60653972625732,165.16031742095947,137.92592525482178,113.87179613113403,219.1461181640625,185.05525588989258,163.68128299713135,142.9250192642212,B,Left
190.61216354370117,230.24215698242188,261.49566650390625,251.65115356445312,224.2097282409668,234.99094009399414,236.11440658569336,235.45366287231445,235.20858764648438,212.16495513916016,215.22493362426758,217.43310928344727,219.8821258544922,192.08370208740234,193.8882064819336,196.5134048461914,198.74956130981445,171.5792465209961,173.67534637451172,176.86660766601562,180.04974365234375,320.88672637939453,308.2352542877197,276.21800422668457,249.19238090515137,249.8507308959961,211.75360679626465,172.34989643096924,146.98342323303223,123.33018779754639,205.641188621521,160.7303810119629,130.3318977355957,103.42015743255615,209.52139377593994,167.15595245361328,139.93535041809082,115.95626592636108,221.31773471832275,187.2634506225586,165.82284450531006,145.03583908081055,B,Left
187.79422760009766,227.6984977722168,259.15645599365234,250.49978256225586,223.22019577026367,232.72829055786133,233.6387062072754,232.96503067016602,232.7156639099121,209.98662948608398,212.70023345947266,214.74361419677734,217.1120262145996,189.8399543762207,191.38137817382812,194.02591705322266,196.34456634521484,169.26198959350586,171.29358291625977,174.287109375,177.29604721069336,323.49082946777344,311.3293647766113,278.90201568603516,251.4763641357422,252.5606346130371,214.04272556304932,174.65088844299316,149.11921977996826,125.42738914489746,208.0339479446411,163.00609588623047,132.39051818847656,105.22883892059326,212.0548152923584,169.5265817642212,141.93580627441406,117.50895738601685,223.98475170135498,189.76600170135498,167.96648025512695,146.7437982559204,B,Left
155.29186248779297,197.45580673217773,238.80075454711914,272.5307083129883,300.72290420532227,235.32394409179688,260.5517578125,281.4624786376953,300.38806915283203,221.44655227661133,251.37989044189453,276.4483642578125,297.7121353149414,204.03244018554688,233.05221557617188,257.0622253417969,277.6844596862793,184.57468032836914,211.3262176513672,234.33029174804688,256.43611907958984,267.40593910217285,266.2861633300781,245.25089263916016,238.8224744796753,242.3953628540039,188.38595867156982,162.68115520477295,154.93914127349854,153.33970069885254,179.9022388458252,149.42015647888184,147.6620578765869,155.2685308456421,176.81718349456787,144.43531036376953,143.40351104736328,151.0552167892456,178.24703693389893,155.7821273803711,150.07719039916992,151.3454818725586,C,Left
159.98519897460938,203.30625534057617,245.22302627563477,279.01763916015625,308.0324172973633,242.87866592407227,269.3268394470215,290.87833404541016,310.2519226074219,228.80502700805664,259.91668701171875,285.2766227722168,306.14978790283203,211.2377166748047,240.8875274658203,265.73131561279297,286.6020393371582,191.40792846679688,217.77666091918945,241.30132675170898,263.5535430908203,274.8109817504883,272.6040458679199,252.54083633422852,246.33298873901367,249.84323501586914,194.083571434021,167.83135414123535,160.9156322479248,160.12217044830322,186.01161003112793,155.22025108337402,154.3333625793457,163.05752277374268,183.03857803344727,150.63343048095703,150.20776748657227,159.11091327667236,184.39003944396973,161.29676342010498,155.63286781311035,157.7660036087036,C,Left
261.48855209350586,306.3882255554199,347.32494354248047,380.3987121582031,408.70967864990234,344.53765869140625,366.53263092041016,383.7162399291992,400.9426498413086,329.5758819580078,354.5471954345703,373.6964797973633,393.3607864379883,310.93589782714844,335.96946716308594,355.56373596191406,374.55528259277344,288.6470603942871,310.0219535827637,329.2049026489258,349.6900939941406,290.11133193969727,290.9183692932129,270.3226375579834,260.2078342437744,261.34878158569336,213.0151605606079,184.72535133361816,171.05971813201904,162.84217357635498,203.06665420532227,171.9847869873047,163.22836875915527,163.24350357055664,197.96170234680176,167.11589813232422,158.59906196594238,160.1189661026001,196.3540506362915,171.94607734680176,162.51440048217773,160.99589824676514,C,Left
261.4560127258301,305.69995880126953,347.04654693603516,380.2604293823242,408.52561950683594,344.09549713134766,366.70631408691406,385.46863555908203,403.60294342041016,329.02584075927734,355.25848388671875,376.2813186645508,396.79492950439453,310.562744140625,337.3414993286133,358.5240173339844,378.3389663696289,289.27059173583984,312.7247428894043,332.98084259033203,353.52760314941406,283.1733798980713,283.6622714996338,262.5773620605469,252.53219604492188,252.73158073425293,203.54297161102295,174.84652519226074,163.04612159729004,156.90831184387207,194.0903091430664,162.60701179504395,155.0302505493164,156.07844352722168,189.7405242919922,158.5616397857666,152.01899528503418,154.73021507263184,189.31869506835938,165.29668807983398,155.9726858139038,153.88092041015625,C,Left
169.89681243896484,212.75079727172852,251.06115341186523,280.3028106689453,307.0013427734375,238.99133682250977,260.9980010986328,285.13282775878906,305.3981018066406,224.08239364624023,249.94203567504883,278.4460258483887,300.62366485595703,206.65849685668945,233.95021438598633,261.82117462158203,283.64587783813477,187.61608123779297,210.27666091918945,234.2668914794922,255.46798706054688,272.22681999206543,263.9915084838867,238.19303512573242,224.7135829925537,221.99286460876465,184.4892168045044,145.39597034454346,139.75637912750244,142.24775791168213,179.89222526550293,137.3305892944336,136.36324882507324,145.79051971435547,180.56972980499268,141.76621913909912,140.30010223388672,148.28360080718994,185.6063461303711,159.17295455932617,150.6873321533203,149.70322608947754,C,Left
120.28154373168945,162.92652130126953,199.92481231689453,229.86835479736328,258.09167861938477,185.39384841918945,206.2215805053711,229.23076629638672,249.62852478027344,170.46249389648438,194.99847412109375,223.83010864257812,246.834716796875,153.29431533813477,179.4096565246582,209.06805038452148,232.42835998535156,134.76337432861328,156.92456245422363,182.18612670898438,205.03765106201172,265.5875015258789,255.1849365234375,231.62047863006592,218.8388442993164,213.4695053100586,172.1993064880371,135.25640487670898,133.28505992889404,137.9210901260376,169.09564018249512,126.08372211456299,127.86312103271484,138.81723403930664,171.33763790130615,131.87852382659912,134.6700382232666,145.8944606781006,178.09568881988525,150.50067901611328,143.6601448059082,143.4285020828247,C,Left
107.98342704772949,150.36584854125977,186.41170501708984,215.7394027709961,243.98765563964844,170.02445220947266,190.92893600463867,214.4725227355957,234.8536491394043,155.49006462097168,180.9947395324707,210.74018478393555,233.58461380004883,139.01676177978516,165.62328338623047,197.12095260620117,221.16884231567383,121.58489227294922,145.04684448242188,170.30658721923828,191.9497299194336,262.12300300598145,250.138521194458,226.76865577697754,213.50679874420166,207.74903297424316,166.70844554901123,131.91673278808594,130.62609672546387,135.7520627975464,163.65127086639404,122.06435680389404,124.38634872436523,135.67821979522705,165.98505020141602,126.62993431091309,129.95043754577637,141.22004985809326,173.6194896697998,146.78824424743652,142.57059574127197,144.49915409088135,C,Left
116.60924911499023,156.46106719970703,194.60752487182617,223.52712631225586,250.07335662841797,185.5895233154297,206.58580780029297,226.67757034301758,244.60006713867188,170.00104904174805,195.52288055419922,221.0274314880371,241.6916275024414,152.2303867340088,178.28668594360352,204.98418807983398,226.65119171142578,132.06903457641602,154.64665412902832,177.48384475708008,198.58392715454102,260.76510429382324,254.93617057800293,233.26543807983398,220.0694990158081,216.245698928833,174.95657444000244,142.72501945495605,138.56921195983887,140.38979530334473,169.279203414917,130.79246520996094,131.60074710845947,141.63934707641602,169.3301010131836,133.6821413040161,135.4756736755371,145.34615993499756,173.85220527648926,148.69946479797363,142.79215335845947,143.27809810638428,C,Left
119.3238639831543,160.21209716796875,198.54372024536133,227.88885116577148,254.1807746887207,190.25209426879883,211.24916076660156,231.48582458496094,249.59344863891602,174.99412536621094,201.0070037841797,226.6077423095703,247.1987533569336,157.32915878295898,183.70840072631836,210.26226043701172,231.39646530151367,137.08105087280273,159.6840476989746,182.52363204956055,203.55657577514648,259.3388843536377,254.64975357055664,233.02732944488525,220.21665573120117,216.90001487731934,175.05821228027344,142.36365795135498,137.39929676055908,138.96204471588135,169.22345638275146,130.41732788085938,131.28024101257324,141.82305335998535,169.0473175048828,133.1249713897705,134.9023962020874,145.2604866027832,173.12642097473145,148.07042598724365,141.98774814605713,142.50045776367188,C,Left
122.01459884643555,162.58747100830078,201.40180587768555,230.36563873291016,256.6094398498535,194.19618606567383,215.58059692382812,235.24742126464844,252.74763107299805,178.62287521362305,205.27706146240234,230.04425048828125,249.70924377441406,160.87390899658203,188.04729461669922,214.19572830200195,235.0351905822754,140.46778678894043,163.78173828125,186.3684844970703,207.02056884765625,261.7734432220459,257.4357032775879,236.20615482330322,223.05450439453125,219.83100414276123,178.0680799484253,145.97435474395752,141.81541442871094,143.95244121551514,172.24822998046875,133.9727783203125,134.64125633239746,144.826397895813,172.04488277435303,135.87206840515137,137.14651107788086,146.94622993469238,176.22302055358887,151.551775932312,145.74281215667725,146.39373779296875,C,Left
361.505126953125,329.4834899902344,299.67687606811523,280.72683334350586,276.8295669555664,321.31961822509766,318.49803924560547,323.11279296875,325.8517074584961,341.20189666748047,337.83443450927734,341.5602111816406,341.9234085083008,359.7075653076172,357.91290283203125,359.3088150024414,358.75831604003906,377.5946044921875,375.94493865966797,374.1413116455078,372.79850006103516,277.62908935546875,272.8028869628906,251.8172836303711,229.80287075042725,211.9029664993286,218.67947101593018,196.04195594787598,220.26323318481445,234.16086673736572,216.06380939483643,196.20032787322998,226.20261669158936,235.72198390960693,215.9914255142212,195.15336513519287,223.23575019836426,233.61266613006592,218.44037532806396,200.3120470046997,220.28675079345703,230.19043922424316,A,Right
360.13877868652344,328.5037612915039,299.483585357666,280.53571701049805,274.18127059936523,322.6314926147461,318.9925956726074,323.30615997314453,326.5917205810547,342.39078521728516,338.4852600097656,341.5494155883789,342.66231536865234,360.5868911743164,358.6101531982422,359.1349411010742,359.13291931152344,378.23272705078125,376.48197174072266,374.1073226928711,373.2465362548828,275.9577941894531,270.44076919555664,249.25626754760742,227.61486053466797,209.89385604858398,217.4086618423462,195.51827430725098,219.10333156585693,232.8671407699585,215.1033067703247,195.72442531585693,225.07304191589355,234.63545322418213,215.2484893798828,194.59194660186768,222.40835666656494,232.94769287109375,217.86296367645264,200.14184474945068,219.50929641723633,229.26379680633545,A,Right
361.53282165527344,329.82479095458984,300.05680084228516,281.20304107666016,273.5421943664551,322.1280288696289,319.6373748779297,323.7977600097656,326.7799758911133,342.36114501953125,339.4515609741211,342.14759826660156,342.73677825927734,360.76473236083984,359.43302154541016,359.9184799194336,359.3864440917969,378.5000991821289,377.3856735229492,375.22789001464844,373.851318359375,275.8103942871094,271.1078453063965,249.15020942687988,226.7588996887207,209.462628364563,218.05473804473877,195.31486988067627,218.7953281402588,232.7896213531494,215.5096435546875,195.08936405181885,224.6308422088623,235.42418003082275,215.40218353271484,194.28274154663086,222.18541145324707,233.71341705322266,217.76166915893555,200.10011672973633,219.56355571746826,229.80541706085205,A,Right
361.2691116333008,329.45613861083984,300.4666328430176,281.7881202697754,274.8847770690918,322.6287078857422,320.48954010009766,324.48360443115234,327.119140625,342.64026641845703,339.8590087890625,342.2935104370117,342.6342010498047,360.85819244384766,359.9751663208008,360.1072692871094,359.3525695800781,378.27392578125,377.7176284790039,375.1455307006836,373.43902587890625,276.51978492736816,270.4621696472168,248.46473693847656,226.1744499206543,208.8043212890625,217.49188899993896,195.61307430267334,219.284405708313,233.1324577331543,215.05090713500977,195.23168563842773,224.67442989349365,234.84805583953857,215.2115249633789,194.07889366149902,221.8080711364746,233.10779571533203,218.10650825500488,200.16539096832275,219.40801620483398,229.6117401123047,A,Right
361.2479782104492,329.07920837402344,300.10366439819336,281.7320442199707,275.0627136230469,322.6301574707031,319.9989318847656,324.16236877441406,327.07435607910156,342.6081848144531,339.69078063964844,342.34004974365234,343.00392150878906,360.93433380126953,359.8704528808594,360.1565933227539,359.5577621459961,378.43746185302734,377.4637985229492,375.0514221191406,373.6372756958008,276.5460205078125,270.7868957519531,248.0815601348877,225.8741855621338,208.34914684295654,217.07151889801025,195.2623414993286,219.17399883270264,233.17555904388428,214.69319343566895,195.1014518737793,224.76312160491943,234.97451305389404,215.01588821411133,194.2249345779419,222.3089075088501,233.54958057403564,217.95729160308838,200.20591735839844,219.8340082168579,229.93045806884766,A,Right
361.12945556640625,329.4919967651367,300.71502685546875,282.40591049194336,274.8892593383789,322.8321838378906,320.9622573852539,324.6724319458008,327.0018005371094,342.85179138183594,340.26039123535156,342.67189025878906,343.0176544189453,361.1042785644531,360.12977600097656,360.25928497314453,359.27490234375,378.6731719970703,377.9964828491211,375.4411315917969,373.5552978515625,276.1973476409912,270.30040740966797,247.802152633667,225.3328514099121,207.61403560638428,216.71104431152344,194.52276706695557,218.02910327911377,231.99711799621582,214.5627737045288,194.74677085876465,224.14774417877197,234.51388835906982,214.9728012084961,194.1498613357544,221.95066452026367,233.39924812316895,218.00532817840576,200.08841514587402,219.33624744415283,229.56988334655762,A,Right
361.34998321533203,329.9801254272461,301.02407455444336,282.28410720825195,275.3240776062012,322.9172134399414,320.46630859375,324.55406188964844,327.1759033203125,342.95188903808594,340.0937271118164,342.99102783203125,343.5205078125,361.2506866455078,360.29895782470703,360.72254180908203,359.95880126953125,378.77960205078125,377.7119827270508,375.5730438232422,374.1608428955078,276.6430950164795,270.6617832183838,248.09168815612793,225.64104080200195,207.79533863067627,216.79282665252686,194.49580192565918,218.29936981201172,232.20816135406494,214.5884370803833,194.7346544265747,224.51170921325684,234.6925163269043,214.9381971359253,193.96888732910156,222.0181131362915,233.35131168365479,217.83373832702637,199.93783950805664,219.52478885650635,229.70598220825195,A,Right
361.09622955322266,329.8210144042969,301.1285591125488,282.48584747314453,275.26384353637695,323.36132049560547,320.9156799316406,324.7813415527344,327.5920867919922,343.37711334228516,340.4945755004883,342.89730072021484,343.67000579833984,361.66446685791016,360.57430267333984,360.4330062866211,359.8755645751953,379.27051544189453,378.16158294677734,375.25115966796875,373.73241424560547,277.390079498291,270.63672065734863,247.94651985168457,225.40544986724854,207.26484775543213,216.35207176208496,194.20666694641113,218.04592609405518,232.08405017852783,214.26137924194336,194.54596996307373,224.4603967666626,234.87738132476807,214.91397857666016,193.65614891052246,221.69287204742432,233.30999851226807,218.1926679611206,199.89154815673828,219.21067714691162,229.63348388671875,A,Right
361.5277862548828,330.3702926635742,301.73877716064453,282.8618621826172,275.8386993408203,323.43345642089844,321.15264892578125,325.18455505371094,327.6686096191406,343.57444763183594,340.7969284057617,343.28426361083984,343.5031509399414,361.99684143066406,361.07383728027344,361.13155364990234,360.2804946899414,379.5614242553711,378.33629608154297,375.97137451171875,374.71282958984375,277.16217041015625,270.2002429962158,247.39768981933594,225.0040340423584,207.05394744873047,215.75685024261475,194.15582656860352,218.18318367004395,232.00479984283447,213.7573528289795,194.9256992340088,224.87083911895752,234.74920749664307,214.6145725250244,193.87733459472656,221.9615364074707,233.23599815368652,218.13305854797363,200.37959575653076,219.82173442840576,229.76061344146729,A,Right
361.88812255859375,330.2683639526367,301.9813537597656,284.1173553466797,276.95335388183594,324.3279266357422,322.1192169189453,325.91922760009766,328.36315155029297,344.37435150146484,341.9914245605469,344.0274429321289,344.0876770019531,362.603759765625,362.0218276977539,361.7828369140625,360.59375762939453,380.11844635009766,379.78050231933594,376.91905975341797,374.76932525634766,276.24223709106445,269.62265968322754,246.5284252166748,223.95123481750488,205.9132432937622,215.6826639175415,193.50428581237793,217.56332874298096,231.89409255981445,213.84687423706055,194.15518283843994,224.0410566329956,234.5870304107666,214.6944522857666,193.73971939086914,221.95751667022705,233.50762367248535,218.14857959747314,200.18438816070557,219.46969985961914,229.66748714447021,A,Right
354.81212615966797,326.1077880859375,304.6594047546387,318.14746856689453,340.27679443359375,308.75438690185547,300.44281005859375,296.2590026855469,293.3550262451172,328.6823272705078,324.6073913574219,323.2813262939453,322.2395324707031,347.31101989746094,345.8366012573242,344.14695739746094,341.8783950805664,365.36094665527344,367.69420623779297,368.78929138183594,369.0088653564453,290.27429580688477,280.7768726348877,257.4869155883789,235.80376625061035,225.62180042266846,206.55312538146973,174.1865587234497,153.53382110595703,135.04703521728516,199.10313606262207,162.85996913909912,140.00384330749512,119.64772939682007,200.20564556121826,167.39055633544922,146.36056423187256,127.42386817932129,207.48550415039062,180.2391815185547,162.94830322265625,146.4604139328003,B,Right
355.6497573852539,327.0126724243164,305.8566665649414,319.14072036743164,341.77223205566406,310.02635955810547,301.2157440185547,296.50157928466797,293.05973052978516,330.2490997314453,326.6781997680664,325.2522659301758,323.9690399169922,349.01363372802734,348.00376892089844,346.3899612426758,344.12708282470703,366.8224334716797,370.04711151123047,371.78855895996094,372.54077911376953,289.5838165283203,279.8858642578125,256.38050079345703,234.57830429077148,224.59321975708008,206.93601608276367,174.96684551239014,154.51543807983398,136.1015224456787,199.3637180328369,162.94893264770508,140.0119972229004,119.4392466545105,200.5001449584961,167.5574827194214,146.3807487487793,127.28178977966309,207.73328304290771,180.73619842529297,163.45853805541992,147.03163146972656,B,Right
356.0847854614258,327.7906799316406,306.63280487060547,320.78609466552734,343.89610290527344,311.1713981628418,302.67187118530273,298.15868377685547,294.95922088623047,331.29444122314453,327.80479431152344,326.4761734008789,325.3001403808594,349.96055603027344,349.40887451171875,348.0523681640625,345.9751892089844,367.8219985961914,372.01366424560547,374.2396545410156,375.39684295654297,288.75638008117676,278.9293670654297,255.206937789917,234.00176525115967,224.7991418838501,206.49765014648438,174.0001916885376,153.32021713256836,134.76070404052734,199.05115127563477,162.18077659606934,139.04598712921143,118.42398405075073,200.2554702758789,167.23943710327148,145.8215045928955,126.6166877746582,207.51397132873535,180.4167938232422,162.90696144104004,146.41229152679443,B,Right
356.02794647216797,327.85980224609375,307.58960723876953,321.95362091064453,344.85965728759766,311.85136795043945,303.3197021484375,298.8010787963867,295.6524467468262,332.1498489379883,328.3108139038086,326.6822052001953,325.2970504760742,351.0411071777344,350.67901611328125,349.66739654541016,347.80872344970703,368.9335632324219,372.94811248779297,375.1258087158203,376.1773681640625,288.8974857330322,278.1291961669922,254.00310516357422,232.95036792755127,224.23404693603516,205.84887027740479,173.06419372558594,152.3060131072998,133.64845275878906,198.63364219665527,161.37903213500977,138.03013801574707,117.10646152496338,200.16833782196045,166.5762233734131,144.74249839782715,124.99743461608887,207.7990436553955,180.45822143554688,162.87903785705566,146.2093734741211,B,Right
356.84242248535156,329.0549850463867,308.1082344055176,320.7268524169922,343.4232711791992,312.8210639953613,303.8170623779297,299.13185119628906,295.9519958496094,332.9703903198242,329.05357360839844,327.04151153564453,325.3162384033203,351.68323516845703,351.6150665283203,350.52818298339844,348.63895416259766,369.3296432495117,373.8148880004883,375.9587097167969,376.98890686035156,288.2343864440918,278.5267639160156,254.92172241210938,233.78179550170898,225.08135318756104,205.4741334915161,173.0888557434082,152.63365745544434,134.2177391052246,197.96234607696533,161.01821422576904,137.6700782775879,116.62785530090332,199.22178268432617,165.91594219207764,143.95076751708984,124.11592483520508,206.6844606399536,179.5205783843994,161.81882858276367,144.98602867126465,B,Right
356.24698638916016,328.48804473876953,307.5990867614746,320.5696487426758,343.71253967285156,312.73590087890625,303.80468368530273,298.8764190673828,295.5165481567383,333.01258087158203,329.05521392822266,326.83589935302734,325.0875473022461,351.89109802246094,351.9925308227539,350.9933090209961,349.2753601074219,369.5402526855469,373.8502502441406,375.9877395629883,377.08465576171875,287.9510307312012,278.0618476867676,254.4495964050293,233.25742721557617,224.99698162078857,205.44975757598877,172.61693000793457,152.15349197387695,133.67845058441162,198.08007717132568,160.46836853027344,136.81334495544434,115.6772518157959,199.37790870666504,165.500807762146,143.59896183013916,124.08319473266602,206.79232120513916,179.57319259643555,162.08247184753418,145.7443141937256,B,Right
357.4441146850586,329.3578338623047,308.0149841308594,320.5895233154297,343.1376647949219,313.8312339782715,304.70218658447266,299.74369049072266,296.41794204711914,334.3047332763672,330.63316345214844,328.57398986816406,326.82018280029297,353.11920166015625,353.419189453125,352.52017974853516,350.8275604248047,370.69759368896484,375.34210205078125,377.70835876464844,378.9728546142578,287.93684005737305,278.09483528137207,254.0943145751953,232.7274227142334,224.71402645111084,205.23433685302734,172.3463487625122,151.57482147216797,132.8948736190796,197.7211332321167,159.99884605407715,136.290864944458,115.10520458221436,199.11194801330566,165.27091026306152,143.18235397338867,123.5452651977539,206.81525230407715,179.62297439575195,162.0567512512207,145.6907558441162,B,Right
357.1232223510742,329.0281677246094,307.9336738586426,320.94799041748047,343.71509552001953,313.64959716796875,304.6140670776367,299.87640380859375,296.74877166748047,334.2414855957031,330.7417297363281,328.782958984375,327.1377944946289,353.02154541015625,353.63956451416016,352.7336883544922,351.05552673339844,370.4545593261719,375.4868698120117,377.9563903808594,379.2827606201172,287.7432060241699,277.93856620788574,253.73594284057617,232.3711395263672,224.41781044006348,205.42662620544434,172.8324794769287,152.20705032348633,133.49020957946777,198.00297260284424,160.4395294189453,136.7222499847412,115.26026487350464,199.48811531066895,166.11830234527588,143.95397186279297,123.97039890289307,207.124285697937,180.03046989440918,162.27476119995117,145.46361923217773,B,Right
357.2442626953125,329.0122604370117,307.7217483520508,320.3438949584961,344.1450881958008,314.2407417297363,304.9474334716797,300.02052307128906,296.74549102783203,334.6298599243164,331.3252258300781,329.37355041503906,327.6314926147461,353.40084075927734,354.20692443847656,353.40599060058594,351.76292419433594,370.7194519042969,375.68058013916016,378.17771911621094,379.59449768066406,288.1875801086426,278.03380966186523,252.85743713378906,230.75016975402832,223.59097480773926,205.0206470489502,172.46885776519775,151.94612503051758,133.411602973938,197.58387565612793,160.0026798248291,136.30396842956543,115.04724740982056,199.03059482574463,165.22032737731934,142.9689073562622,123.22075366973877,206.73691749572754,179.61981296539307,161.92909240722656,145.5957555770874,B,Right
358.0685043334961,329.9178695678711,308.61284255981445,320.97110748291016,344.26219940185547,314.87091064453125,306.2275695800781,301.65876388549805,298.7089157104492,335.5776596069336,332.5648498535156,330.78006744384766,329.42771911621094,354.54471588134766,355.3595733642578,354.93804931640625,353.8882064819336,371.8816375732422,376.6679000854492,379.2939758300781,381.03965759277344,287.4689483642578,277.62359619140625,253.4655475616455,231.4130973815918,222.77047634124756,204.36687469482422,171.65325164794922,151.15699768066406,132.7324104309082,197.06103801727295,159.135103225708,135.38739681243896,114.34098243713379,198.7435483932495,164.59467887878418,142.44961738586426,122.88694381713867,206.7026138305664,179.58001613616943,162.12817668914795,146.0039520263672,B,Right
394.7922134399414,363.6667251586914,337.5398254394531,318.2723617553711,298.9056205749512,341.1882781982422,324.4354248046875,308.8199996948242,293.4836769104004,349.8630142211914,333.2767105102539,313.60816955566406,295.7202911376953,359.0316390991211,345.2131652832031,324.2169952392578,305.69908142089844,367.83363342285156,352.64427185058594,335.2925491333008,318.926944732666,270.1731777191162,267.3028564453125,252.1102523803711,239.66464519500732,229.38179969787598,204.04695510864258,182.11645603179932,173.59291076660156,169.11399364471436,197.2507667541504,167.19380378723145,159.944486618042,161.23045921325684,195.69907665252686,162.84796714782715,155.46257972717285,157.59544372558594,198.55164527893066,174.47628021240234,165.82038402557373,164.16669845581055,C,Right
393.03932189941406,362.3799514770508,336.86004638671875,318.1171417236328,299.4132614135742,340.5621337890625,324.47032928466797,309.1990661621094,294.1929244995117,349.13890838623047,333.22654724121094,313.8988494873047,296.1441230773926,358.28304290771484,345.0640106201172,324.1360092163086,305.3611755371094,367.4884796142578,353.0081558227539,336.33750915527344,320.3310775756836,269.6762466430664,265.8834171295166,251.28530502319336,238.99724006652832,227.6832389831543,203.41482639312744,180.7939338684082,172.43993282318115,168.53549480438232,197.0295524597168,166.70279502868652,159.44005966186523,161.03668212890625,195.62815189361572,162.42231845855713,154.86595630645752,157.21059322357178,198.75045776367188,174.86529350280762,165.8499240875244,163.9603614807129,C,Right
393.63616943359375,362.89241790771484,337.26776123046875,318.492431640625,299.36668395996094,340.98907470703125,324.42943572998047,308.8492965698242,293.66260528564453,349.6822738647461,333.7212371826172,314.0631866455078,296.15028381347656,358.9439392089844,345.7434844970703,324.49378967285156,305.77381134033203,367.88612365722656,353.07689666748047,336.00337982177734,319.8966598510742,269.556884765625,266.2763214111328,251.56396865844727,239.3688154220581,229.06959056854248,203.27867031097412,181.36756896972656,173.03558349609375,168.96496295928955,196.83423042297363,166.7085599899292,159.55740451812744,161.32487297058105,195.60932636260986,162.55109310150146,155.2635097503662,157.87309169769287,199.02583122253418,175.2839756011963,166.8446445465088,165.63048362731934,C,Right
393.41747283935547,362.3643493652344,335.9571075439453,316.3821029663086,296.8165397644043,338.2846450805664,320.53749084472656,304.9053955078125,289.8139190673828,346.7536163330078,329.30397033691406,309.70726013183594,292.3927879333496,355.95001220703125,341.1701202392578,320.240478515625,302.45731353759766,365.22674560546875,349.69165802001953,332.18189239501953,316.1917304992676,270.14591217041016,267.63227462768555,253.4717845916748,241.64377212524414,231.64588451385498,205.78190803527832,184.2730951309204,176.48088455200195,172.6046848297119,199.01397228240967,169.4079351425171,163.33800315856934,166.0180377960205,197.19680786132812,165.24404525756836,159.20662879943848,162.6679801940918,199.7438907623291,176.4938735961914,169.1268825531006,169.06117916107178,C,Right
392.3523712158203,361.43959045410156,334.9613571166992,315.55524826049805,296.07208251953125,336.41674041748047,318.57505798339844,302.8434753417969,287.75108337402344,344.95880126953125,327.80651092529297,307.80757904052734,290.0832748413086,354.2977523803711,340.0634765625,318.47423553466797,300.02275466918945,363.41880798339844,347.8435516357422,330.0084686279297,313.6911201477051,271.3770389556885,269.1883850097656,254.857177734375,243.23118209838867,234.18933391571045,206.78040504455566,185.21367073059082,177.6209592819214,174.10517692565918,199.87661361694336,169.94320392608643,164.16443824768066,167.27917671203613,198.08761596679688,165.259051322937,159.61499691009521,163.76206398010254,200.99404335021973,178.12179565429688,170.90412139892578,170.9335470199585,C,Right
391.5953063964844,360.2334976196289,334.08641815185547,315.07036209106445,295.8582878112793,336.8600082397461,319.2965316772461,303.6932563781738,288.3996391296387,345.5002212524414,328.9872360229492,308.9374542236328,290.95340728759766,354.81090545654297,341.0816955566406,319.6476173400879,301.2327575683594,363.9569091796875,348.74019622802734,331.10382080078125,314.8036193847656,271.1282730102539,268.73645782470703,254.15714263916016,241.83305740356445,231.0886287689209,206.68633460998535,185.16324520111084,177.26945400238037,173.43621253967285,199.7940444946289,169.95928287506104,163.61831188201904,166.32997512817383,197.97017097473145,165.48123836517334,159.04718399047852,162.46822357177734,200.67506790161133,177.58689880371094,169.4888734817505,168.66376876831055,C,Right
391.5925979614258,360.3489303588867,334.3126678466797,315.57138442993164,296.44067764282227,336.6678237915039,318.9260482788086,303.214054107666,287.84658432006836,345.22003173828125,328.4721374511719,308.4954071044922,290.46154022216797,354.5906066894531,340.49198150634766,319.24774169921875,300.7720947265625,363.9354705810547,348.22887420654297,330.6502151489258,314.35546875,271.35847091674805,268.97624015808105,254.23124313354492,241.7128086090088,231.0552978515625,206.73933506011963,185.11399269104004,177.3090648651123,173.68260383605957,199.87412452697754,170.0355863571167,163.80975723266602,166.5005350112915,198.10996055603027,165.34223556518555,159.0009641647339,162.3465871810913,200.88822841644287,177.5789737701416,169.56238746643066,168.5910129547119,C,Right
391.6830825805664,360.3820037841797,334.2209243774414,315.27122497558594,296.06042861938477,336.12056732177734,318.3297538757324,302.6218605041504,287.4863624572754,344.7846984863281,327.89501190185547,307.91662216186523,290.27671813964844,354.32647705078125,340.09334564208984,318.5612487792969,300.24791717529297,363.7272644042969,348.20934295654297,330.4949951171875,314.26918029785156,271.4136600494385,268.7347984313965,254.40030097961426,242.75510787963867,232.4707317352295,206.48044109344482,185.00933647155762,177.19834327697754,173.75000953674316,199.6297788619995,169.3476104736328,163.20653915405273,166.58835411071777,197.96273231506348,164.80530738830566,158.73862266540527,162.74462699890137,201.04824542999268,177.84958362579346,170.13673782348633,169.5247220993042,C,Right
391.3849639892578,360.6718444824219,334.02793884277344,314.7938919067383,295.6459045410156,336.52862548828125,319.0486526489258,303.4555435180664,288.40967178344727,345.18951416015625,328.70460510253906,308.53736877441406,290.60211181640625,354.5107650756836,340.77762603759766,319.3326950073242,301.0872268676758,363.6627197265625,348.3561706542969,330.64579010009766,314.5124816894531,270.9387016296387,268.7687015533447,254.07943725585938,241.7716884613037,231.3870334625244,207.21050262451172,185.5129909515381,177.51628875732422,173.75832080841064,200.2280330657959,170.31289100646973,163.9427661895752,166.54263496398926,198.2365322113037,165.658221244812,159.21220779418945,162.59752750396729,200.7007884979248,177.48175621032715,169.4945240020752,168.89811515808105,C,Right
391.8798065185547,360.8653259277344,334.19300079345703,315.04478454589844,295.8348274230957,336.46236419677734,318.64049911499023,302.9930305480957,287.8487205505371,345.0791931152344,328.18920135498047,308.2625389099121,290.56386947631836,354.4465637207031,340.26573181152344,319.1606140136719,301.1005210876465,363.80794525146484,348.32435607910156,330.6889343261719,314.48572158813477,270.8984184265137,268.84408950805664,254.18203353881836,241.8420124053955,231.4136838912964,206.82297706604004,185.27883052825928,177.3956823348999,173.61708641052246,199.8402500152588,169.91798400878906,163.57685565948486,166.22577667236328,197.88070678710938,165.1907730102539,158.8912868499756,162.31229782104492,200.3872776031494,177.21755504608154,169.37994003295898,168.63272666931152,C,Right
